Ticket_Status,Frequency,Percentage
CANCEL,75,0.011406080809801322
CLOSED,632198,96.145353010597
DUP,3907,0.5941807696519168
LIEN,2366,0.35982382927986567
LOCKED,13205,2.008230627912353
OPEN,4497,0.6839086053556872
PENDNG,35,0.005322837711240617
WIP,1261,0.1917742386821262
